,autonomy,interventions,total videos length,intevention_time,mean_distance,std_distance,mean_angle,std_angle
0,0.7884552511846851,244,5456.521583251953,1464,0.208488199590108,0.216781520520752,1.963854001923122,2.581120603825566
